{"stats":{"minecraft:used":{"wom:satsujin":1,"alexsmobs:animal_dictionary":1,"enchantinginfuser:advanced_enchanting_infuser":1},"minecraft:killed":{"born_in_chaos_v1:decrepit_skeleton":1},"minecraft:picked_up":{"minecraft:bone":1},"minecraft:dropped":{"minecraft:bone":1},"minecraft:custom":{"minecraft:jump":211,"minecraft:time_since_rest":26964,"minecraft:damage_dealt":105,"minecraft:crouch_one_cm":137,"minecraft:leave_game":4,"minecraft:play_time":26964,"minecraft:sprint_one_cm":20073,"minecraft:damage_taken":205,"minecraft:time_since_death":26964,"minecraft:walk_one_cm":12318,"minecraft:sneak_time":22,"minecraft:total_world_time":26964,"minecraft:mob_kills":1,"minecraft:drop":1,"minecraft:fall_one_cm":9535,"minecraft:fly_one_cm":169077}},"DataVersion":3465}