{"stats":{"minecraft:used":{"alexsmobs:animal_dictionary":1},"minecraft:custom":{"minecraft:jump":110,"minecraft:time_since_rest":17154,"minecraft:damage_dealt":45,"minecraft:crouch_one_cm":137,"minecraft:leave_game":4,"minecraft:play_time":17154,"minecraft:sprint_one_cm":11480,"minecraft:damage_taken":80,"minecraft:time_since_death":17154,"minecraft:walk_one_cm":7820,"minecraft:sneak_time":19,"minecraft:total_world_time":17154,"minecraft:fall_one_cm":4479,"minecraft:fly_one_cm":129692}},"DataVersion":3465}